_id,eventName,date,duration,address,capacity,description,host,reacurring,recurring,__v
653c66585f2651937c8a6046,quia nihil et,Wed Oct 25 2023 22:47:34 GMT-0400 (Eastern Daylight Time),468,571 Giovani Extension,502,Expedita officia quia earum qui deleniti doloribus amet.,Alejandro Barrows,true,,
653c66585f2651937c8a6047,repudiandae pariatur nostrum,Thu Oct 26 2023 20:03:18 GMT-0400 (Eastern Daylight Time),78,3514 Kasey Forest,367,Quisquam ut deserunt itaque voluptatem.,Jodi Goyette,true,,
653c66585f2651937c8a6048,ut est et,Thu Oct 26 2023 07:25:39 GMT-0400 (Eastern Daylight Time),41,5691 Wade Ville,758,Qui consectetur similique est et quod perferendis architecto placeat.,Marc Kessler,true,,
653c66585f2651937c8a6049,id qui ut,Thu Oct 26 2023 18:45:02 GMT-0400 (Eastern Daylight Time),242,912 Eleanore Overpass,713,Exercitationem sint incidunt sit occaecati blanditiis mollitia ut.,Mrs. Marjorie Barton,true,,
653c66585f2651937c8a604a,accusantium et aut,Thu Oct 26 2023 21:32:52 GMT-0400 (Eastern Daylight Time),122,869 Jacobs Station,320,Nisi quis fugiat quisquam dolorem aliquam quae facilis quod.,Sean Hane,true,,
653c66585f2651937c8a604b,et vero id,Thu Oct 26 2023 05:55:46 GMT-0400 (Eastern Daylight Time),485,4637 Ettie Road,462,Rerum excepturi enim ad magnam exercitationem recusandae aut quos et.,Annie Kiehn,true,,
653c66585f2651937c8a604c,ipsum rem autem,Thu Oct 26 2023 01:29:48 GMT-0400 (Eastern Daylight Time),23,063 Nicklaus Mall,730,Soluta ab omnis ut.,Brandy Nienow,false,,
653c66585f2651937c8a604d,quod quis sed,Thu Oct 26 2023 04:07:30 GMT-0400 (Eastern Daylight Time),435,1672 Stroman Light,630,Impedit exercitationem corrupti.,Juanita Ortiz,false,,
653c66585f2651937c8a604e,eligendi omnis aliquam,Thu Oct 26 2023 00:52:11 GMT-0400 (Eastern Daylight Time),278,245 Blanda Manor,321,Eos esse non quia quis illo.,Levi Dare I,true,,
653c66585f2651937c8a604f,praesentium sint possimus,Thu Oct 26 2023 21:40:48 GMT-0400 (Eastern Daylight Time),695,6966 Hammes Mission,833,Ipsa ad minus error quaerat recusandae voluptas qui enim vel.,Lester Feil,false,,
653c762a822a089ea21c79cc,asdf,2023-10-28T02:46:54.000Z,12,asdf,12,asdf,12,,false,0
